Review #,Brand,Variety,Style,Country,Stars,Top Ten
2580,Nongshim,Shin Ramyun Black Premium Noodle Soup,Pack,South Korea,5,2020 #1
2579,Prima Taste,Singapore Laksa La Mian,Pack,Singapore,5,2019 #1
2578,MyKuali,Penang White Curry Noodle,Pack,Malaysia,5,2018 #1
2577,Indomie,Mi Goreng Fried Noodles,Pack,Indonesia,5,2017 #1
2576,Nissin,Cup Noodles Chicken,Cup,Japan,3.75,
2575,Maruchan,Instant Lunch Cheddar Cheese,Cup,United States,2.5,
2574,Samyang,Hot Chicken Flavor Ramen,Pack,South Korea,4.5,
2573,Mama,Tom Yum Shrimp,Pack,Thailand,4.25,
2572,Paldo,Kokomen Spicy Chicken,Pack,South Korea,4,
2571,Ottogi,Jin Ramen Spicy,Pack,South Korea,4,
2570,A-Sha,Mandarin Noodle Original,Pack,Taiwan,4.75,
2569,Sapporo Ichiban,Tonkotsu Ramen,Pack,Japan,3.5,
2568,KOKA,Purple Wheat Noodles Mushroom,Cup,Singapore,3.75,
2567,Mi Sedaap,Instant Kari Spesial,Pack,Indonesia,4.25,
2566,Lucky Me!,Pancit Canton Original,Pack,Philippines,3.5,
2565,Maggi,2 Minute Noodles Masala,Pack,India,3.75,
2564,Wai Wai,Tom Yum Shrimp,Pack,Nepal,3.5,
2563,Nongshim,Chapagetti Chajang Noodle,Pack,South Korea,4.25,
2562,Nissin,Demae Ramen Tonkotsu,Pack,Japan,4,
2561,Indomie,Special Chicken Flavour,Pack,Nigeria,3.75,
